-- --------------------------------------------------------
-- Host:                         127.0.0.1
-- Versión del servidor:         8.0.30 - MySQL Community Server - GPL
-- SO del servidor:              Win64
-- HeidiSQL Versión:             12.1.0.6537
-- --------------------------------------------------------

/*!40101 SET @OLD_CHARACTER_SET_CLIENT=@@CHARACTER_SET_CLIENT */;
/*!40101 SET NAMES utf8 */;
/*!50503 SET NAMES utf8mb4 */;
/*!40103 SET @OLD_TIME_ZONE=@@TIME_ZONE */;
/*!40103 SET TIME_ZONE='+00:00' */;
/*!40014 SET @OLD_FOREIGN_KEY_CHECKS=@@FOREIGN_KEY_CHECKS, FOREIGN_KEY_CHECKS=0 */;
/*!40101 SET @OLD_SQL_MODE=@@SQL_MODE, SQL_MODE='NO_AUTO_VALUE_ON_ZERO' */;
/*!40111 SET @OLD_SQL_NOTES=@@SQL_NOTES, SQL_NOTES=0 */;


-- Volcando estructura de base de datos para atencion
CREATE DATABASE IF NOT EXISTS `atencion` /*!40100 DEFAULT CHARACTER SET utf8mb4 COLLATE utf8mb4_spanish_ci */ /*!80016 DEFAULT ENCRYPTION='N' */;
USE `atencion`;

-- Volcando estructura para tabla atencion.casos
CREATE TABLE IF NOT EXISTS `casos` (
  `id` int NOT NULL AUTO_INCREMENT,
  `personas_id` int NOT NULL,
  `fecha` date DEFAULT NULL,
  `hora` varchar(100) CHARACTER SET utf8mb4 COLLATE utf8mb4_spanish_ci NOT NULL DEFAULT '',
  `donativo` varchar(100) CHARACTER SET utf8mb4 COLLATE utf8mb4_spanish_ci NOT NULL,
  `tipo` varchar(100) CHARACTER SET utf8mb4 COLLATE utf8mb4_spanish_ci NOT NULL,
  `status` varchar(100) CHARACTER SET utf8mb4 COLLATE utf8mb4_spanish_ci DEFAULT NULL,
  `observacion` varchar(100) CHARACTER SET utf8mb4 COLLATE utf8mb4_spanish_ci NOT NULL,
  `band` int NOT NULL DEFAULT '1',
  `created_at` date DEFAULT NULL,
  `updated_at` date DEFAULT NULL,
  PRIMARY KEY (`id`)
) ENGINE=InnoDB DEFAULT CHARSET=utf8mb4 COLLATE=utf8mb4_spanish_ci;

-- Volcando datos para la tabla atencion.casos: ~0 rows (aproximadamente)

-- Volcando estructura para tabla atencion.choferes
CREATE TABLE IF NOT EXISTS `choferes` (
  `id` int unsigned NOT NULL AUTO_INCREMENT,
  `empresas_id` int NOT NULL,
  `vehiculos_id` int DEFAULT NULL,
  `cedula` varchar(50) COLLATE utf8mb4_spanish_ci NOT NULL,
  `nombre` varchar(50) COLLATE utf8mb4_spanish_ci NOT NULL,
  `telefono` varchar(50) COLLATE utf8mb4_spanish_ci NOT NULL,
  `band` int NOT NULL DEFAULT '1',
  `created_at` date DEFAULT NULL,
  `updated_at` date DEFAULT NULL,
  PRIMARY KEY (`id`)
) ENGINE=InnoDB DEFAULT CHARSET=utf8mb4 COLLATE=utf8mb4_spanish_ci;

-- Volcando datos para la tabla atencion.choferes: ~0 rows (aproximadamente)

-- Volcando estructura para tabla atencion.empresas
CREATE TABLE IF NOT EXISTS `empresas` (
  `id` int NOT NULL AUTO_INCREMENT,
  `rif` varchar(50) COLLATE utf8mb4_spanish_ci NOT NULL,
  `nombre` varchar(100) COLLATE utf8mb4_spanish_ci NOT NULL,
  `responsable` varchar(100) COLLATE utf8mb4_spanish_ci NOT NULL,
  `telefono` varchar(50) COLLATE utf8mb4_spanish_ci NOT NULL,
  `band` int NOT NULL DEFAULT '1',
  `created_at` date DEFAULT NULL,
  `updated_at` date DEFAULT NULL,
  PRIMARY KEY (`id`)
) ENGINE=InnoDB DEFAULT CHARSET=utf8mb4 COLLATE=utf8mb4_spanish_ci;

-- Volcando datos para la tabla atencion.empresas: ~0 rows (aproximadamente)

-- Volcando estructura para tabla atencion.firmantes
CREATE TABLE IF NOT EXISTS `firmantes` (
  `id` int NOT NULL AUTO_INCREMENT,
  `nombre` varchar(100) CHARACTER SET utf8mb4 COLLATE utf8mb4_spanish_ci NOT NULL,
  `cargo` varchar(100) CHARACTER SET utf8mb4 COLLATE utf8mb4_spanish_ci NOT NULL,
  `created_at` date DEFAULT NULL,
  `updated_at` date DEFAULT NULL,
  `band` int NOT NULL DEFAULT '1',
  PRIMARY KEY (`id`)
) ENGINE=InnoDB DEFAULT CHARSET=utf8mb4 COLLATE=utf8mb4_spanish_ci;

-- Volcando datos para la tabla atencion.firmantes: ~4 rows (aproximadamente)

-- Volcando estructura para tabla atencion.guias
CREATE TABLE IF NOT EXISTS `guias` (
  `id` int unsigned NOT NULL AUTO_INCREMENT,
  `codigo` varchar(50) COLLATE utf8mb4_spanish_ci NOT NULL,
  `guias_tipos_id` int NOT NULL,
  `tipos_nombre` varchar(50) COLLATE utf8mb4_spanish_ci NOT NULL,
  `vehiculos_id` int NOT NULL,
  `vehiculos_tipo` varchar(50) COLLATE utf8mb4_spanish_ci NOT NULL,
  `vehiculos_marca` varchar(50) COLLATE utf8mb4_spanish_ci NOT NULL,
  `vehiculos_placa_batea` varchar(50) COLLATE utf8mb4_spanish_ci NOT NULL,
  `vehiculos_placa_chuto` varchar(50) COLLATE utf8mb4_spanish_ci NOT NULL,
  `vehiculos_color` varchar(50) COLLATE utf8mb4_spanish_ci NOT NULL,
  `vehiculos_capacidad` varchar(50) COLLATE utf8mb4_spanish_ci NOT NULL,
  `choferes_id` int NOT NULL,
  `choferes_cedula` varchar(50) COLLATE utf8mb4_spanish_ci NOT NULL,
  `choferes_nombre` varchar(50) COLLATE utf8mb4_spanish_ci NOT NULL,
  `choferes_telefono` varchar(50) COLLATE utf8mb4_spanish_ci NOT NULL,
  `territorios_origen` int NOT NULL,
  `territorios_destino` int NOT NULL,
  `rutas_id` int NOT NULL,
  `rutas_origen` varchar(50) COLLATE utf8mb4_spanish_ci NOT NULL,
  `rutas_destino` varchar(50) COLLATE utf8mb4_spanish_ci NOT NULL,
  `rutas_ruta` text CHARACTER SET utf8mb4 COLLATE utf8mb4_spanish_ci NOT NULL,
  `fecha` date NOT NULL,
  `users_id` int NOT NULL,
  `band` int NOT NULL DEFAULT '1',
  `created_at` date DEFAULT NULL,
  `auditoria` text COLLATE utf8mb4_spanish_ci,
  `deleted_at` date DEFAULT NULL,
  `pdf_id` int DEFAULT '1',
  `pdf_impreso` int DEFAULT '0',
  `estatus` int DEFAULT '1',
  PRIMARY KEY (`id`)
) ENGINE=InnoDB DEFAULT CHARSET=utf8mb4 COLLATE=utf8mb4_spanish_ci;

-- Volcando datos para la tabla atencion.guias: ~8 rows (aproximadamente)

-- Volcando estructura para tabla atencion.guias_carga
CREATE TABLE IF NOT EXISTS `guias_carga` (
  `id` int unsigned NOT NULL AUTO_INCREMENT,
  `guias_id` int NOT NULL,
  `cantidad` varchar(50) COLLATE utf8mb4_spanish_ci NOT NULL,
  `descripcion` varchar(50) COLLATE utf8mb4_spanish_ci NOT NULL,
  PRIMARY KEY (`id`)
) ENGINE=InnoDB DEFAULT CHARSET=utf8mb4 COLLATE=utf8mb4_spanish_ci;

-- Volcando datos para la tabla atencion.guias_carga: ~8 rows (aproximadamente)

-- Volcando estructura para tabla atencion.guias_formatos_pdf
CREATE TABLE IF NOT EXISTS `guias_formatos_pdf` (
  `id` int unsigned NOT NULL AUTO_INCREMENT,
  `nombre` varchar(50) COLLATE utf8mb4_spanish_ci NOT NULL,
  PRIMARY KEY (`id`)
) ENGINE=InnoDB AUTO_INCREMENT=2 DEFAULT CHARSET=utf8mb4 COLLATE=utf8mb4_spanish_ci;

-- Volcando datos para la tabla atencion.guias_formatos_pdf: ~0 rows (aproximadamente)
INSERT INTO `guias_formatos_pdf` (`id`, `nombre`) VALUES
	(1, 'guia_1.php');

-- Volcando estructura para tabla atencion.guias_tipos
CREATE TABLE IF NOT EXISTS `guias_tipos` (
  `id` int unsigned NOT NULL AUTO_INCREMENT,
  `nombre` varchar(50) COLLATE utf8mb4_spanish_ci NOT NULL,
  `codigo` varchar(50) COLLATE utf8mb4_spanish_ci DEFAULT NULL,
  PRIMARY KEY (`id`)
) ENGINE=InnoDB AUTO_INCREMENT=3 DEFAULT CHARSET=utf8mb4 COLLATE=utf8mb4_spanish_ci;

-- Volcando datos para la tabla atencion.guias_tipos: ~2 rows (aproximadamente)
INSERT INTO `guias_tipos` (`id`, `nombre`, `codigo`) VALUES
	(1, 'BOLSAS CLAP', 'BC'),
	(2, 'RUBROS', 'RB');

-- Volcando estructura para tabla atencion.instituciones
CREATE TABLE IF NOT EXISTS `instituciones` (
  `id` int NOT NULL AUTO_INCREMENT,
  `rif` varchar(100) CHARACTER SET utf8mb4 COLLATE utf8mb4_spanish_ci NOT NULL,
  `nombre` varchar(100) CHARACTER SET utf8mb4 COLLATE utf8mb4_spanish_ci NOT NULL,
  `telefono` varchar(100) CHARACTER SET utf8mb4 COLLATE utf8mb4_spanish_ci NOT NULL,
  `direccion` varchar(100) CHARACTER SET utf8mb4 COLLATE utf8mb4_spanish_ci NOT NULL,
  `band` int NOT NULL DEFAULT '1',
  `created_at` date DEFAULT NULL,
  `updated_at` date DEFAULT NULL,
  PRIMARY KEY (`id`)
) ENGINE=InnoDB DEFAULT CHARSET=utf8mb4 COLLATE=utf8mb4_spanish_ci;

-- Volcando datos para la tabla atencion.instituciones: ~0 rows (aproximadamente)

-- Volcando estructura para tabla atencion.nomina
CREATE TABLE IF NOT EXISTS `nomina` (
  `id` int unsigned NOT NULL AUTO_INCREMENT,
  `cedula` varchar(15) CHARACTER SET utf8mb4 COLLATE utf8mb4_spanish_ci NOT NULL,
  `nombre` varchar(150) CHARACTER SET utf8mb4 COLLATE utf8mb4_spanish_ci NOT NULL,
  `cargos_id` int DEFAULT NULL,
  `administrativa_id` int DEFAULT NULL,
  `geografica_id` int DEFAULT NULL,
  `cargo` varchar(50) CHARACTER SET utf8mb4 COLLATE utf8mb4_spanish_ci DEFAULT NULL,
  `ubicacion_administrativa` varchar(50) CHARACTER SET utf8mb4 COLLATE utf8mb4_spanish_ci DEFAULT NULL,
  `ubicacion_geografica` varchar(30) CHARACTER SET utf8mb4 COLLATE utf8mb4_spanish_ci DEFAULT NULL,
  `band` int NOT NULL DEFAULT '1',
  `carnet` varchar(30) CHARACTER SET utf8mb4 COLLATE utf8mb4_spanish_ci DEFAULT NULL,
  `path` text CHARACTER SET utf8mb4 COLLATE utf8mb4_spanish_ci,
  `mini` text CHARACTER SET utf8mb4 COLLATE utf8mb4_spanish_ci,
  `created_at` date DEFAULT NULL,
  `updated_at` date DEFAULT NULL,
  PRIMARY KEY (`id`)
) ENGINE=InnoDB AUTO_INCREMENT=270 DEFAULT CHARSET=utf8mb4 COLLATE=utf8mb4_spanish_ci;

-- Volcando datos para la tabla atencion.nomina: ~269 rows (aproximadamente)
INSERT INTO `nomina` (`id`, `cedula`, `nombre`, `cargos_id`, `administrativa_id`, `geografica_id`, `cargo`, `ubicacion_administrativa`, `ubicacion_geografica`, `band`, `carnet`, `path`, `mini`, `created_at`, `updated_at`) VALUES
	(1, '19160501', 'ALBANI CORTEZ HUMBERTO ENRIQUE', 1, 9, 2, 'PRESIDENTE', 'PRESIDENTE', 'SEDE', 1, '', '', '', '0000-00-00', '2023-05-19'),
	(2, '15300194', 'SANDOVAL JASPE ORLANDO JOSE', 2, 10, 2, 'GERENTE DE OPERACIONES Y LOGISTICA', 'OPERACIONES Y LOGISTICA', 'SEDE', 1, '', '', '', '0000-00-00', '2023-05-19'),
	(3, '15081977', 'CASTRO OCHOA ANAKARI', 3, 11, 2, 'GERENTE DE ADMINISTRACION Y COMERCIALIZACION', 'ADMINISTRACION Y COMERCIALIZACION', 'SEDE', 1, '', '', '', '0000-00-00', '2023-05-19'),
	(4, '8788511', 'ESPINOZA ALVARADO CARLOS JOSE ', 4, 12, 2, 'INSPECTOR DE GESTION', 'SERVICIO GENERALES ', 'SEDE', 1, '', '', '', '0000-00-00', '2023-05-19'),
	(5, '10490260', 'LEDEZMA CUMARIN YILDA COROMOTO', 5, 13, 2, 'JEFE DE BIENES', 'BIENES', 'SEDE', 1, '', '', '', '0000-00-00', '2023-05-19'),
	(6, '10671160', 'AGUILAR PUERTA CARLOS JAVIER', 4, 10, 2, 'INSPECTOR DE GESTION', 'OPERACIONES Y LOGISTICA', 'SEDE', 1, '', '', '', '0000-00-00', '2023-05-19'),
	(7, '11115216', 'CORRALES RIVAS JESUS WILFREDO ', 6, 10, 2, 'JEFE DE SERVICIO GENERALES', 'OPERACIONES Y LOGISTICA', 'SEDE', 1, '', '', '', '0000-00-00', '2023-05-19'),
	(8, '11115425', 'RODRIGUEZ BARRIOS LUIS ENRIQUE', 7, 14, 2, 'JEFE DE CONTABILIDAD', 'CONTABILIDAD', 'SEDE', 1, '', '', '', '0000-00-00', '2023-05-19'),
	(9, '11760862', 'GIL MOLINA  YGOR ALEXANDER', 8, 15, 1, 'SUPERVISOR (A) DE CENTRO DE EMP. (MUN. CAMAGUAN)', 'GMAS', 'CAMAGUAN', 1, '', '', '', '0000-00-00', '2023-05-19'),
	(10, '12210021', 'LLOVERA TOVAR CESAR EDUARDO', 9, 10, 2, 'JEFE DE ALMACEN', 'OPERACIONES Y LOGISTICA', 'SEDE', 1, '', '', '', '0000-00-00', '2023-05-19'),
	(11, '14642479', 'GODOY SOTILLO JETZABEL DEL CARMEN', 10, 16, 2, 'DIRECTOR (A) DE PLANIFICACION Y PRESUPUESTO', 'PRESUPUESTO Y PLANIFICACION', 'SEDE', 1, '', '', '', '0000-00-00', '2023-05-19'),
	(12, '14871086', 'BAEZ BOLIVAR JOHEL JOSE', 11, 17, 2, 'SUPERVISOR DE ALMACEN', 'CEAC', 'ROSCIO', 1, '', '', '', '0000-00-00', '2023-05-19'),
	(13, '15393625', 'GAMARRA ROMERO TONNY YOBEY', 4, 10, 2, 'INSPECTOR DE GESTION', 'OPERACIONES Y LOGISTICA', 'SEDE', 1, '', '', '', '0000-00-00', '2023-05-19'),
	(14, '15393956', 'AVILA ROJAS JOSE LUIS', 12, 17, 2, 'DIRECTOR (A) OPERACIONES', 'CEAC', 'ROSCIO', 1, '', '', '', '0000-00-00', '2023-05-19'),
	(15, '16075334', 'GUEVARA GUASCH PEDRO RAFAEL', 4, 17, 2, 'INSPECTOR DE GESTION', 'CEAC', 'ROSCIO', 1, '', '', '', '0000-00-00', '2023-05-19'),
	(16, '16100266', 'CASTILLO CUELLO JESUS GABRIEL', 13, 10, 2, 'JEFE DE TRANSPORTE', 'OPERACIONES Y LOGISTICA', 'SEDE', 1, '', '', '', '0000-00-00', '2023-05-19'),
	(17, '16270481', 'TORREALBA CADENA RONNY DAVIER', 4, 15, 1, 'INSPECTOR DE GESTION', 'GMAS', 'CAMAGUAN', 1, '', '', '', '0000-00-00', '2023-05-19'),
	(18, '16272811', 'SANCHEZ MENDOZA YOSMAR JOEL', 4, 18, 3, 'INSPECTOR DE GESTION', 'TIENDA', 'MIRANDA', 1, '', '', '', '0000-00-00', '2023-05-19'),
	(19, '16384256', 'MARTINEZ MOLINA KARELIS JOSEFINA', 14, 19, 2, 'DIRECTOR(A) DE TALENTO HUMANO', 'RRHH', 'SEDE', 1, '', '', '', '0000-00-00', '2023-05-19'),
	(20, '17000890', 'CORRALES YUHALYN ALEJANDRAN', 15, 20, 2, 'ANALISTA ADMINISTRATIVO', 'COMPRAS', 'SEDE', 1, '', '', '', '0000-00-00', '2023-05-19'),
	(21, '17352501', 'QUEVEDO ALVAREZ HENRY MIGUEL', 16, 19, 2, 'JEFE DE NOMINA', 'RRHH', 'SEDE', 1, '', '', '', '0000-00-00', '2023-05-19'),
	(22, '17353425', 'HERRERA CORREA JOHANA ANGELICA', 17, 21, 2, 'CONSULTORIA JURIDICA 16/08/2021', 'CONSULTORIA JURIDICA', 'SEDE', 1, '', '', '', '0000-00-00', '2023-05-19'),
	(23, '17372434', 'GAMBOA TORRES CESAR JOSE', 18, 22, 2, 'DIRECTOR DE PLANIF. DISTRIBUCION Y ESTADISTICA', 'ESTADISTICA, PROGRAMACION Y DISTRIBUCION', 'SEDE', 1, '', '', '', '0000-00-00', '2023-05-19'),
	(24, '17420977', 'GIRAL LOPEZ ORLANDO EUDOMAR', 19, 18, 2, 'DIRECTOR(A) DE TIENDA EN LINEA', 'TIENDA', 'SEDE', 1, '', '', '', '0000-00-00', '2023-05-19'),
	(25, '17741953', 'JARAMILLO ALVAREZ FRANK DANIEL', 20, 18, 4, 'JEFE DE CENTRO DE EMPAQUETADO INFANTE', 'TIENDA', 'INFANTE', 1, '', '', '', '0000-00-00', '2023-05-19'),
	(26, '17950664', 'CASANOVA MONTOYA ROBERTO JOSE', 21, 23, 2, 'JEFE DE FACTURACION', 'FACTURACION', 'SEDE', 1, '', '', '', '0000-00-00', '2023-05-19'),
	(27, '18441648', 'RENTERIA ALEGRIA YAKELINE', 22, 24, 2, 'DIRECTOR(A) DE CONTROL Y SEGUIMIENTO', 'CONTROL Y SEGUIMIENTO', 'SEDE', 1, '', '', '', '0000-00-00', '2023-05-19'),
	(28, '18595062', 'GIRAL LOPEZ EDUARDO JOSE', 23, 17, 2, 'JEFE DE CENTRO EMPAQUETADO ROSCIO', 'CEAC', 'ROSCIO', 1, '', '', '', '0000-00-00', '2023-05-19'),
	(29, '18895926', 'OLIVARES JESUS MARIA', 4, 10, 2, 'INSPECTOR DE GESTION', 'OPERACIONES Y LOGISTICA', 'SEDE', 1, '', '', '', '0000-00-00', '2023-05-19'),
	(30, '18972993', 'VASQUEZ GIL WALKY ELTONY', 24, 20, 2, 'DIRECTOR DE COMERCIALIZACION', 'COMPRAS', 'SEDE', 1, '', '', '', '0000-00-00', '2023-05-19'),
	(31, '19375215', 'GUEVARA PEREZ JEANETT VIVIANA', 25, 18, 4, 'SUPERVISORA DE  CENTRO DE EMPAQUETADO INFANTE', 'TIENDA', 'INFANTE', 1, '', '', '', '0000-00-00', '2023-05-19'),
	(32, '19962656', 'CAMPOS VEGAS ARLYWEL PAOLA', 9, 18, 5, 'JEFE DE ALMACEN', 'TIENDA', 'RIBAS', 1, '', '', '', '0000-00-00', '2023-05-19'),
	(33, '19986419', 'ORTEGA FRANYERSON', 26, 10, 2, 'SUPERVISOR DE OPERACIONES', 'OPERACIONES Y LOGISTICA', 'SEDE', 1, '', '', '', '0000-00-00', '2023-05-19'),
	(34, '20025623', 'CASTILLO ROMERO YONATHAN LEONARDO', 27, 25, 2, 'DIRECTOR DE SISTEMA Y TECNOLOGIA', 'TEGNOLOGIA Y SISTEMA', 'SEDE', 1, '', '', '', '0000-00-00', '2023-05-19'),
	(35, '20183087', 'LADERA PEREZ JORGE LEONARDO', 11, 18, 3, 'SUPERVISOR DE ALMACEN (MUN MIRANDA)', 'TIENDA', 'MIRANDA', 1, '', '', '', '0000-00-00', '2023-05-19'),
	(36, '20260469', 'VALERA ROJAS SOLIMAR', 28, 18, 5, 'JEFE DE TIENDA', 'TIENDA', 'RIBAS', 1, '', '', '', '0000-00-00', '2023-05-19'),
	(37, '20352661', 'UZCATEGUI SOLER JOSE JAVIER', 29, 10, 2, 'JEFE DE CONTROL DE CALIDAD', 'OPERACIONES Y LOGISTICA', 'SEDE', 1, '', '', '', '0000-00-00', '2023-05-19'),
	(38, '20524441', 'ARVELO RIVERO RAFAEL ARTURO', 4, 15, 1, 'INSPECTOR DE GESTION', 'GMAS', 'CAMAGUAN', 1, '', '', '', '0000-00-00', '2023-05-19'),
	(39, '20876661', 'VILLEGAS CABRERA ZORELBIS KARLIN', 30, 26, 2, 'JEFE DE ATENCION AL CIUDADANO', 'ATENCION AL CIUDADANO', 'SEDE', 1, '', '', '', '0000-00-00', '2023-05-19'),
	(40, '20955581', 'CORREA DIAZ RAYNNER JESUS', 4, 27, 2, 'INSPECTOR DE GESTION', 'CAMPO SOBERANO', 'SEDE', 1, '', '', '', '0000-00-00', '2023-05-19'),
	(41, '24230727', 'GIRAL LOPEZ ALEXANDER ANTONIO', 11, 17, 2, 'SUPERVISOR DE ALMACEN', 'CEAC', 'ROSCIO', 1, '', '', '', '0000-00-00', '2023-05-19'),
	(42, '24662766', 'ALBANI CORTEZ HEBERT ENRIQUE ', 31, 28, 2, 'JEFE DE PRENSA Y COMUNICACIÓN', 'RELACIONES PUBLICAS ', 'SEDE', 1, '', '', '', '0000-00-00', '2023-05-19'),
	(43, '26037728', 'FIGUEROA PALMA FRANCISCO DANIEL', 32, 18, 5, 'JEFE DE MERCADEO', 'TIENDA', 'RIBAS', 1, '', '', '', '0000-00-00', '2023-05-19'),
	(44, '26464151', 'TOVAR RENGIFO ORLANDO JOSE', 33, 18, 5, 'JEFE DE CAJA', 'TIENDA', 'RIBAS', 1, '', '', '', '0000-00-00', '2023-05-19'),
	(45, '29858429', 'CENTENO BARRIOS ANGEL DE JESUS', 34, 29, 2, 'JEFE DE TESORERIA', 'TESORERIA', 'SEDE', 1, '', '', '', '0000-00-00', '2023-05-19'),
	(46, '13732219', 'ALAYON GUTIERREZ NADIA CRISANGEL', 35, 30, 2, 'ANALISTA DE COBRANZA I ', 'COBRANZA', 'SEDE', 1, '', '', '', '0000-00-00', '2023-05-19'),
	(47, '14812147', 'BOLIVAR OSCAR ELOURDE', 36, 18, 1, 'DIRECTOR DE TIENDA', 'TIENDA', 'CAMAGUAN', 1, '', '', '', '0000-00-00', '2023-05-19'),
	(48, '16000685', 'OJEDA BERRO LUIS ANTONIO', 9, 18, 2, 'JEFE DE ALMACEN', 'TIENDA', 'ROSCIO', 1, '', '', '', '0000-00-00', '2023-05-19'),
	(49, '17001578', 'BLANCA PADRINO DIANA CAROLINA', 11, 15, 6, 'SUPERVISORA DE ALMACEN', 'GMAS', 'SOCORRO', 1, '', '', '', '0000-00-00', '2023-05-19'),
	(50, '18519876', 'PAEZ BALZA RUSMARY CAROLINA', 36, 18, 2, 'DIRECTOR DE TIENDA', 'TIENDA', 'ROSCIO', 1, '', '', '', '0000-00-00', '2023-05-19'),
	(51, '18804305', 'ZANOTTI ABREU CARLOS ROBERTO', 33, 18, 2, 'JEFE DE CAJA', 'TIENDA', 'ROSCIO', 1, '', '', '', '0000-00-00', '2023-05-19'),
	(52, '18993125', 'CADENAS ACOSTA CARMEN YOLANDA', 33, 18, 7, 'JEFE DE CAJA', 'TIENDA', 'GUAYABAL', 1, '', '', '', '0000-00-00', '2023-05-19'),
	(53, '20.521.330', 'CASTRO ACEVEDO ALEXIS YOHAN', 9, NULL, NULL, 'JEFE DE ALMACEN', '', '', 1, '', '', '', '0000-00-00', '0000-00-00'),
	(54, '24967773', 'PAEZ SANCHEZ ANA MERCEDES', 37, 18, 3, 'SUPERVISOR DE TIENDA (MUN MIRANDA)', 'TIENDA', 'MIRANDA', 1, '', '', '', '0000-00-00', '2023-05-19'),
	(55, '25133850', 'FLORES OJEDA MARIEURIS YOSELYN ', 37, 18, 1, 'SUPERVISOR DE TIENDA (MUN CAMAGUAN)', 'TIENDA', 'CAMAGUAN', 1, '', '', '', '0000-00-00', '2023-05-19'),
	(56, '25931544', 'QUIÑONES CUNEMO CARMEN ROSALIA ', 33, 18, 1, 'JEFE DE CAJA (MUN CAMAGUAN)', 'TIENDA', 'CAMAGUAN', 1, '', '', '', '0000-00-00', '2023-05-19'),
	(57, '26920969', 'APARICIO FARFAN ANGEL JAVIER', 11, 10, 2, 'SUPERVISOR DE ALMACEN', 'OPERACIONES Y LOGISTICA', 'SEDE', 1, '', '', '', '0000-00-00', '2023-05-19'),
	(58, '10670773', 'SATURNO GIL YAIMELIT JOSEFINA', 38, 21, 2, 'ANALISTA DE FACTURACION I', 'CONSULTORIA JURIDICA', 'SEDE', 1, '', '', '', '0000-00-00', '2023-05-19'),
	(59, '12842559', 'MEZA LOPEZ JOSE GREGORIO ', 39, 10, 2, 'ANALISTA DE LA GERENCIA DE OP. Y LOGISTICA', 'OPERACIONES Y LOGISTICA', 'SEDE', 1, '', '', '', '0000-00-00', '2023-05-19'),
	(60, '12842898', 'BOLIVAR PAREDES LOURDES MARIA', 40, 18, 2, 'ANALISTA DE COBRANZA', 'TIENDA', 'SEDE', 1, '', '', '', '0000-00-00', '2023-05-19'),
	(61, '13151067', 'MIRELES PEÑA VICENTE YOUSSETT', 35, 30, 2, 'ANALISTA DE COBRANZA I', 'COBRANZA', 'SEDE', 1, '', '', '', '0000-00-00', '2023-05-19'),
	(62, '13732107', 'SOJO TERESA DEL VALLE', 41, 18, 2, 'ALMACENISTA I ', 'TIENDA', 'ROSCIO', 1, '', '', '', '0000-00-00', '2023-05-19'),
	(63, '14344518', 'BRICEÑO RANGEL ADIMAR', 42, 19, 2, 'ANALISTA DE PERSONAL', 'RRHH', 'SEDE', 1, '', '', '', '0000-00-00', '2023-05-19'),
	(64, '15480277', 'LORETO ARRAIZ EDUARDO JOSE', 43, 34, 2, 'ANALISTA CONTABLE ', 'SEDE', 'ROSCIO', 1, '', '', '', '0000-00-00', '2023-05-19'),
	(65, '16045360', 'AREVALO TORREALBA YDAGNIA CAROLINA', 44, 18, 5, 'CAJERO (A)', 'TIENDA', 'RIBAS', 1, '', '', '', '0000-00-00', '2023-05-19'),
	(66, '16075340', 'VANEZCA PEREZ YUSMARY KARINA', 35, 30, 2, 'ANALISTA DE COBRANZA I', 'COBRANZA', 'SEDE', 1, '', '', '', '0000-00-00', '2023-05-19'),
	(67, '16803177', 'OROPEZA GARCIA CARLOS LUIS', 45, 10, 2, 'ANALISTA DE CONTROL DE CALIDAD', 'OPERACIONES Y LOGISTICA', 'SEDE', 1, '', '', '', '0000-00-00', '2023-05-19'),
	(68, '16891535', 'PAEZ BALZA YESIKA CAROLINA', 44, 18, 2, 'CAJERO (A)', 'TIENDA', 'ROSCIO', 1, '', '', '', '0000-00-00', '2023-05-19'),
	(69, '16992522', 'URBINA JAIRO RAFAEL', 41, 17, 2, 'ALMACENISTA I', 'CEAC', 'ROSCIO', 1, '', '', '', '0000-00-00', '2023-05-19'),
	(70, '17062269', 'GALAZZO SOLANO YENNY COROMOTO', 46, 27, 2, 'ANALISTA DE FACTURACION', 'CAMPO SOBERANO', 'SEDE', 1, '', '', '', '0000-00-00', '2023-05-19'),
	(71, '17602014', 'LINARES ESTEVEN PABLO MIGUEL', 46, 30, 2, 'ANALISTA DE FACTURACION', 'COBRANZA', 'SEDE', 1, '', '', '', '0000-00-00', '2023-05-19'),
	(72, '17789357', 'GAMEZ PEREZ NARIUSKY YOLANDA', 47, 20, 2, 'ANALISTA DE MERCADEO', 'COMPRAS', 'SEDE', 1, '', '', '', '0000-00-00', '2023-05-19'),
	(73, '18232362', 'HERNANDEZ HERNANDEZ YULIMAR JOSEFINA', 44, 18, 2, 'CAJERO (A)', 'TIENDA', 'ROSCIO', 1, '', '', '', '0000-00-00', '2023-05-19'),
	(74, '18697623', 'LOPEZ CELIS MERLY MARLEINI', 48, 11, 2, 'ASISTENTE DE LA GERENCIA ADMINISTRATIVA Y COMERCIA', 'ADMINISTRACION Y COMERCIALIZACION', 'SEDE', 1, '', '', '', '0000-00-00', '2023-05-19'),
	(75, '18803362', 'POZZO JOSE GREGORIO', 46, 10, 2, 'ANALISTA DE FACTURACION', 'OPERACIONES Y LOGISTICA', 'SEDE', 1, '', '', '', '0000-00-00', '2023-05-19'),
	(76, '18803770', 'GOMEZ HERNANDEZ CARLOS EFRAIN', 49, 21, 2, 'ASISTENTE CONSULTORIA', 'CONSULTORIA JURIDICA', 'SEDE', 1, '', '', '', '0000-00-00', '2023-05-19'),
	(77, '18804192', 'BELISARIO EUDI GABRIEL', 46, 18, 2, 'ANALISTA DE FACTURACION', 'TIENDA', 'SEDE', 1, '', '', '', '0000-00-00', '2023-05-19'),
	(78, '19160451', 'QUERALES GRIZMAN JOSE GUILLERMO', 44, 18, 1, 'CAJERO (A)', 'TIENDA', 'CAMAGUAN', 1, '', '', '', '0000-00-00', '2023-05-19'),
	(79, '19221429', 'GONZALEZ PEÑA MILEIDYS JOSELIN', 42, 19, 2, 'ANALISTA DE PERSONAL', 'RRHH', 'SEDE', 1, '', '', '', '0000-00-00', '2023-05-19'),
	(80, '19222451', 'QUERALES CAMARIPANO DANIELA DORIANYES', 46, 23, 2, 'ANALISTA DE FACTURACION', 'FACTURACION', 'SEDE', 1, '', '', '', '0000-00-00', '2023-05-19'),
	(81, '19472546', 'DURAN GONZALEZ NELSON JOSE', 50, 25, 2, 'ANALISTA DE SOPORTE TECNICO', 'TEGNOLOGIA Y SISTEMA', 'SEDE', 1, '', '', '', '0000-00-00', '2023-05-19'),
	(82, '19608716', 'YORRO OROPEZA DIANA CRISTINA', 46, 17, 2, 'ANALISTA DE FACTURACION', 'CEAC', 'ROSCIO', 1, '', '', '', '0000-00-00', '2023-05-19'),
	(83, '19985947', 'VILLASMIL AVILA ROSMARY DEL VALLE', 51, 29, 2, 'ANALISTA DE TESORERIA', 'TESORERIA', 'SEDE', 1, '', '', '', '0000-00-00', '2023-05-19'),
	(84, '20246638', 'VILLASMIL AVILA ROCIO DE LOS ANGELES', 51, 29, 2, 'ANALISTA DE TESORERIA', 'TESORERIA', 'SEDE', 1, '', '', '', '0000-00-00', '2023-05-19'),
	(85, '20260091', 'ORTUÑO GARCIA JOSE MIGUEL', 46, 23, 2, 'ANALISTA DE FACTURACION', 'FACTURACION', 'SEDE', 1, '', '', '', '0000-00-00', '2023-05-19'),
	(86, '20450373', 'FERNANDEZ NIETO DANIEL JHOSAN', 52, 22, 2, 'ANALISTA DE ESTADISTICA', 'ESTADISTICA, PROGRAMACION Y DISTRIBUCION', 'SEDE', 1, '', '', '', '0000-00-00', '2023-05-19'),
	(87, '20521641', 'ARANGUREN LOPEZ YENNIFER MAIRITT', 53, 18, 3, 'RECEPCIONISTA', 'TIENDA', 'MIRANDA', 1, '', '', '', '0000-00-00', '2023-05-19'),
	(88, '20527926', 'CALDERON ALVAREZ CARMEN ARACELIS', 53, 18, 4, 'RECEPCIONISTA ', 'TIENDA', 'INFANTE', 1, '', '', '', '0000-00-00', '2023-05-19'),
	(89, '20714862', 'CASTILLO GUZMAN ANYELIN GABRIELA', 15, 20, 2, 'ANALISTA ADMINISTRATIVO', 'COMPRAS', 'SEDE', 1, '', '', '', '0000-00-00', '2023-05-19'),
	(90, '20876673', 'MACHADO HERRERA JOSE LUIS', 41, 17, 2, 'ALMACENISTA I', 'CEAC', 'ROSCIO', 1, '', '', '', '0000-00-00', '2023-05-19'),
	(91, '20956240', 'BARRIOS RAMIREZ JULIO CESAR', 41, 10, 2, 'ALMACENISTA I ', 'OPERACIONES Y LOGISTICA', 'SEDE', 1, '', '', '', '0000-00-00', '2023-05-19'),
	(92, '22887741', 'ACASME HERNANDEZ GABRIELA CAROLINA', 44, 18, 5, 'CAJERO (A)', 'TIENDA', 'RIBAS', 1, '', '', '', '0000-00-00', '2023-05-19'),
	(93, '24723351', 'LEAL AMADOR GERALDINE VANESSA', 15, 24, 2, 'ANALISTA ADMINISTRATICO', 'CONTROL Y SEGUIMIENTO', 'SEDE', 1, '', '', '', '0000-00-00', '2023-05-19'),
	(94, '24975008', 'LEAL PARRA YOSGER JESUS', 52, 17, 2, 'ANALISTA DE ESTADISTICA', 'CEAC', 'ROSCIO', 1, '', '', '', '0000-00-00', '2023-05-19'),
	(95, '24975435', 'MARIN TORRES JESUS DANIEL', 35, 17, 2, 'ANALISTA DE COBRANZA I ', 'CEAC', 'ROSCIO', 1, '', '', '', '0000-00-00', '2023-05-19'),
	(96, '25133851', 'FLORES OJEDA MARIEURIS YOSIMAR', 54, 15, 1, 'ANALISTA DE ALMACEN ', 'GMAS ', 'CAMAGUAN', 1, '', '', '', '0000-00-00', '2023-05-19'),
	(97, '25133946', 'VELASQUEZ BOLIVAR ARLIS MANUEL', 41, 15, 1, 'ALMACENISTA I ', 'GMAS ', 'CAMAGUAN', 1, '', '', '', '0000-00-00', '2023-05-19'),
	(98, '25721681', 'ROJAS ALCALA JOSE ELIAS', 55, 13, 2, 'ANALISTA DE BIENES', 'BIENES', 'SEDE', 1, '', '', '', '0000-00-00', '2023-05-19'),
	(99, '25775829', 'SEIJAS ALVARADO MARIA VICTORIA ', 41, 18, 1, 'ALMACENISTA I ', 'TIENDA', 'CAMAGUAN', 1, '', '', '', '0000-00-00', '2023-05-19'),
	(100, '26008541', 'GUAPARUMO REQUENA YARIL VANESSA', 44, 18, 5, 'CAJERO (A)', 'TIENDA', 'RIBAS', 1, '', '', '', '0000-00-00', '2023-05-19'),
	(101, '26081159', 'LAYA PEREZ WILLIANS JESUS', 56, 15, 1, 'COMUNICADOR SOCIAL', 'GMAS', 'CAMAGUAN', 1, '', '', '', '0000-00-00', '2023-05-19'),
	(102, '26081497', 'BANEZCA RAMIREZ DANIEL DAVID', 56, 15, 1, 'COMUNICADOR SOCIAL', 'GMAS', 'CAMAGUAN', 1, '', '', '', '0000-00-00', '2023-05-19'),
	(103, '26717210', 'HERNANDEZ MARTINEZ SOLMARY NAITELH', 53, 18, 4, 'RECEPCIONISTA ', 'TIENDA', 'INFANTE', 1, '', '', '', '0000-00-00', '2023-05-19'),
	(104, '26830459', 'CALCULIAN MEDINA JULIA PATRICIA', 41, 15, 8, 'ALMACENISTA I', 'GMAS', 'GUARIBE', 1, '', '', '', '0000-00-00', '2023-05-19'),
	(105, '27839172', 'LOVERA GARRIDO JORGE DANIEL', 41, 15, 1, 'ALMACENISTA I', 'GMAS', 'CAMAGUAN', 1, '', '', '', '0000-00-00', '2023-05-19'),
	(106, '28442142', 'DIAZ LIZARDO FABIOLA DEL CARMEN', 45, 18, 5, 'ANALISTA DE CONTROL DE CALIDAD', 'TIENDA', 'RIBAS', 1, '', '', '', '0000-00-00', '2023-05-19'),
	(107, '28482671', 'ROMERO TOLEDO MADELEINNE JOSE', 44, 18, 2, 'CAJERO (A)', 'TIENDA', 'ROSCIO', 1, '', '', '', '0000-00-00', '2023-05-19'),
	(108, '28574944', 'VIETRI PEREZ SABRINA VALENTINA', 42, 19, 2, 'ANALISTA DE PERSONAL', 'RRHH', 'SEDE', 1, '', '', '', '0000-00-00', '2023-05-19'),
	(109, '29647467', 'PIÑERO LOPEZ YELIMAR BETANIA ', 44, 18, 5, 'CAJERO (A)', 'TIENDA', 'RIBAS', 1, '', '', '', '0000-00-00', '2023-05-19'),
	(110, '29657255', 'BLANCO PANTOJA GENESIS CAROLINA', 53, 18, 3, 'RECEPCIONISTA ', 'TIENDA', 'MIRANDA', 1, '', '', '', '0000-00-00', '2023-05-19'),
	(111, '11686360', 'CAMARGO NUÑEZ JOSE RAFAEL', 45, 10, 2, 'ANALISTA DE CONTROL DE CALIDAD', 'OPERACIONES Y LOGISTICA', 'SEDE', 1, '', '', '', '0000-00-00', '2023-05-19'),
	(112, '14672130', 'CORDOVA MEDINA MANUEL ISRAEL', 45, 31, 2, 'ANALISTA DE CONTROL DE CALIDAD', 'COMERCIALIZACION', 'CEAC', 1, '', '', '', '0000-00-00', '2023-05-19'),
	(113, '15711267', 'BALZA TESARA YURBELIS CAROLINA', 15, 26, 2, 'ANALISTA ADMINISTRATIVO', 'ATENCION AL CIUDADANO', 'SEDE', 1, '', '', '', '0000-00-00', '2023-05-19'),
	(114, '15712924', 'GARCIA RIVAS DULCE ESTEFANIA', 46, 10, 2, 'ANALISTA DE  FACTURACION', 'OPERACIONES Y LOGISTICA', 'SEDE', 1, '', '', '', '0000-00-00', '2023-05-19'),
	(115, '16076626', 'LEON BELISARIO EDGAR ALEXANDER', 46, 18, 2, 'ANALISTA DE FACTURACION', 'TIENDA', 'SEDE', 1, '', '', '', '0000-00-00', '2023-05-19'),
	(116, '17353185', 'PADRON CUELLO RAMON EDUARDO', 46, 27, 2, 'ANALISTA DE FACTURACION', 'CAMPO SOBERANO', 'SEDE', 1, '', '', '', '0000-00-00', '2023-05-19'),
	(117, '17374226', 'RUIZ MOLINA DANIEL ALBERTO ', 47, 18, 1, 'ANALISTA DE MERCADEO ', 'TIENDA', 'CAMAGUAN', 1, '', '', '', '0000-00-00', '2023-05-19'),
	(118, '17374402', 'FIGUEREDO MARTINEZ BEATRIZ JOSEFINA', 45, 18, 1, 'ANALISTA DE CONTROL DE CALIDAD', 'TIENDA', 'CAMAGUAN', 1, '', '', '', '0000-00-00', '2023-05-19'),
	(119, '18697621', 'FIGUEROA MORILLO YESSIKA YESENIA', 35, 30, 2, 'ANALISTA DE COBRANZA I ', 'COBRANZA', 'SEDE', 1, '', '', '', '0000-00-00', '2023-05-19'),
	(120, '20612764', 'RICO ORTIZ HEIDI JANETH', 44, 18, 7, 'CAJERO (A)', 'TIENDA', 'GUAYABAL', 1, '', '', '', '0000-00-00', '2023-05-19'),
	(121, '21232151', 'CORREA TIAPA ANA GABRIELA', 15, 15, 8, 'ANALISTA ADMINISTRATIVO', 'GMAS', 'GUARIBE', 1, '', '', '', '0000-00-00', '2023-05-19'),
	(122, '21317868', 'PEREZ GONZALEZ FLOR YUBISET', 15, 18, 7, 'ANALISTA ADMINISTRATIVO', 'TIENDA', 'GUAYABAL', 1, '', '', '', '0000-00-00', '2023-05-19'),
	(123, '22649159', 'CASTILLO ACOSTA ADRIANA AIMAR', 44, 18, 7, 'CAJERO (A)', 'TIENDA', 'GUAYABAL', 1, '', '', '', '0000-00-00', '2023-05-19'),
	(124, '23208687', 'SIFONTES FHELEANNA CAROLINA BETANIA', 15, 17, 2, 'ANALISTA ADMINISTRATIVO ', 'CEAC', 'ROSCIO', 1, '', '', '', '0000-00-00', '2023-05-19'),
	(125, '24967197', 'ESPINOZA LEON GUSBER YAISARA ', 15, 18, 1, 'ANALISTA ADMINISTRATIVO ', 'TIENDA', 'CAMAGUAN', 1, '', '', '', '0000-00-00', '2023-05-19'),
	(126, '24975319', 'NADALES SALAZAR KEIZY KATERIN', 45, 18, 2, 'ANALISTA DE CONTROL DE CALIDAD', 'TIENDA', 'ROSCIO', 1, '', '', '', '0000-00-00', '2023-05-19'),
	(127, '24975576', 'MORALES PULIDO FREDDY JOSE', 55, 34, 2, 'ANALISTA DE BIENES', 'SEDE', 'ROSCIO', 1, '', '', '', '0000-00-00', '2023-05-19'),
	(128, '25130320', 'ESPINOZA GONZALEZ ANTHONY ANDERSSON', 35, 17, 2, 'ANALISTA DE COBRANZA I', 'CEAC', 'ROSCIO', 1, '', '', '', '0000-00-00', '2023-05-19'),
	(129, '25717127', 'GUACARAN ZAMBRANO ROSWIL ELIAS', 56, 28, 2, 'COMUNICADOR SOCIAL', 'RELACIONES PUBLICAS ', 'SEDE', 1, '', '', '', '0000-00-00', '2023-05-19'),
	(130, '26526446', 'GONZALEZ SANCHEZ YEFERSON ALBERTO', 57, 32, 2, 'ASISTENTE DE PRESIDENCIA', 'SEGURIDAD', 'SEDE', 1, '', '', '', '0000-00-00', '2023-05-19'),
	(131, '26715298', 'BURGOS MORENO JAIRO SAEL', 56, 34, 2, 'COMUNICADOR SOCIAL', 'SEDE', 'ROSCIO', 1, '', '', '', '0000-00-00', '2023-05-19'),
	(132, '28173282', 'MENDEZ GONZALEZ TRINA YUBEISY', 44, 18, 7, 'CAJERO (A)', 'TIENDA', 'GUAYABAL', 1, '', '', '', '0000-00-00', '2023-05-19'),
	(133, '28267501', 'SANTANA PANTOJA DARIAGNI GABRIELA', 55, 13, 2, 'ANALISTA DE BIENES', 'BIENES', 'SEDE', 1, '', '', '', '0000-00-00', '2023-05-19'),
	(134, '29671908', 'MOTA RODRIGUEZ JOSE SANTIAGO', 43, 34, 2, 'ANALISTA CONTABLE ', 'SEDE', 'ROSCIO', 1, '', '', '', '0000-00-00', '2023-05-19'),
	(135, '6680026', 'HERNANDEZ MUJICA JOSE LAUREANO', 58, 32, 1, 'SEGURIDAD', 'SEGURIDAD', 'CAMAGUAN', 1, '', '', '', '0000-00-00', '2023-05-19'),
	(136, '8572864', 'HERRERA HECTOR JOSE', 59, 32, 2, 'VIGILANTE', 'SEGURIDAD', 'SEDE', 1, '', '', '', '0000-00-00', '2023-05-19'),
	(137, '8778133', 'AZUAJE VIÑA RUBEN SALVADOR', 58, 32, 2, 'SEGURIDAD (SEDE)', 'SEGURIDAD', 'SEDE', 1, '', '', '', '0000-00-00', '2023-05-19'),
	(138, '8822768', 'PAREDES AQUILINO JOSE', 59, 32, 2, 'VIGILANTE', 'SEGURIDAD', 'SEDE', 1, '', '', '', '0000-00-00', '2023-05-19'),
	(139, '8995401', 'SEIJAS ALVAREZ ROGER RAFAEL', 59, 32, 2, 'VIGILANTE', 'SEGURIDAD', 'SEDE', 1, '', '', '', '0000-00-00', '2023-05-19'),
	(140, '8.995.503', 'BARRADES MACHUCA PEDRO ALEJANDRO', 59, NULL, NULL, 'VIGILANTE', 'SEGURIDAD', 'COMISION', 1, '', '', '', '0000-00-00', '0000-00-00'),
	(141, '9884662', 'SEIJAS MARIA ERNESTINA', 60, 17, 2, 'OBRERO(A)', 'CEAC', 'ROSCIO', 1, '', '', '', '0000-00-00', '2023-05-19'),
	(142, '9916634', 'BALZA ROMERO FREDDY DAVID', 60, 12, 2, 'OBRERO', 'SERVICIO GENERALES ', 'SEDE', 1, '', '', '', '0000-00-00', '2023-05-19'),
	(143, '10352893', 'GARCIA PANTOJA LUIS ENRIQUE', 61, 15, 1, 'OBRERO CHOFER', 'GMAS', 'CAMAGUAN', 1, '', '', '', '0000-00-00', '2023-05-19'),
	(144, '11115383', 'LOPEZ JOSE GUILLERMO', 61, 10, 2, 'OBRERO CHOFER', 'OPERACIONES Y LOGISTICA', 'SEDE', 1, '', '', '', '0000-00-00', '2023-05-19'),
	(145, '18219064', 'MIRABAL LOPEZ GUILLERMO RAFAEL', 62, 32, 7, 'CARGA Y DESCARGA', 'SEGURIDAD', 'GUAYABAL', 1, '', '', '', '0000-00-00', '2023-05-19'),
	(146, '11119080', 'DIAZ PACHECO MILAGROS DEL VALLE', 60, 33, 2, 'OBRERO', 'COCINA', 'SEDE', 1, '', '', '', '0000-00-00', '2023-05-19'),
	(147, '11124463', 'ABREU BOLIVAR RONNY ORLANDO', 61, 10, 2, 'OBRERO CHOFER', 'OPERACIONES Y LOGISTICA', 'SEDE', 1, '', '', '', '0000-00-00', '2023-05-19'),
	(148, '12481849', 'HERNANDEZ CASTILLO MIRNA YOAISA', 59, 17, 2, 'VIGILANTE', 'CEAC', 'ROSCIO', 1, '', '', '', '0000-00-00', '2023-05-19'),
	(149, '12840091', 'CARRANZA RAMIREZ LUIS ALBERTO', 62, 17, 2, 'CARGA Y DESCARGA', 'CEAC', 'ROSCIO', 1, '', '', '', '0000-00-00', '2023-05-19'),
	(150, '12840740', 'BARRIOS BALZA ENDER BENITO', 62, 17, 2, 'CARGA Y DESCARGA', 'CEAC', 'ROSCIO', 1, '', '', '', '0000-00-00', '2023-05-19'),
	(151, '13151617', 'CARRILLO SOSA FREDDY RAMON', 60, 17, 2, 'OBRERO(A)', 'CEAC', 'ROSCIO', 1, '', '', '', '0000-00-00', '2023-05-19'),
	(152, '13448101', 'GONZALEZ ESPINOZA JOSE GABRIEL', 59, 32, 2, 'VIGILANTE', 'SEGURIDAD', 'ROSCIO', 1, '', '', '', '0000-00-00', '2023-05-19'),
	(153, '13680643', 'CARPIO PEDRIQUE JOSE LEONARDO', 63, 18, 5, 'MANTENIMIENTO', 'TIENDA', 'RIBAS', 1, '', '', '', '0000-00-00', '2023-05-19'),
	(154, '13875001', 'GONZALEZ SANCHEZ NELSON RICARDO', 59, 17, 2, 'VIGILANTE', 'CEAC', 'ROSCIO', 1, '', '', '', '0000-00-00', '2023-05-19'),
	(155, '14394388', 'ROJAS CAMPOS ROSALINDA', 60, 12, 2, 'OBRERO (A)', 'SERVICIO GENERALES ', 'SEDE', 1, '', '', '', '0000-00-00', '2023-05-19'),
	(156, '14394904', 'BANDES CHIRGUITA ROSIBEL DE JESUS', 60, 33, 2, 'OBRERO (A)', 'COCINA', 'SEDE', 1, '', '', '', '0000-00-00', '2023-05-19'),
	(157, '14871236', 'LOPEZ CONTRERAS LUIS YOEL', 62, 17, 2, 'CARGA Y DESCARGA', 'CEAC', 'ROSCIO', 1, '', '', '', '0000-00-00', '2023-05-19'),
	(158, '15392771', 'HERNANDEZ SILVA JESUS RAMON', 58, 32, 2, 'SEGURIDAD', 'SEGURIDAD', 'SEDE', 1, '', '', '', '0000-00-00', '2023-05-19'),
	(159, '15393518', 'ZARRAMERA OCHOA JUAN CARLOS', 62, 10, 2, 'CARGA Y DESCARGA', 'OPERACIONES Y LOGISTICA', 'SEDE', 1, '', '', '', '0000-00-00', '2023-05-19'),
	(160, '15963070', 'MACIAS DE DANIELE MARLENE MARIBEL', 60, 17, 2, 'OBRERO', 'CEAC', 'ROSCIO', 1, '', '', '', '0000-00-00', '2023-05-19'),
	(161, '16326027', 'CARAPA EBDUAR ALEJANDRO', 61, 18, 4, 'OBRERO CHOFER ', 'TIENDA', 'INFANTE', 1, '', '', '', '0000-00-00', '2023-05-19'),
	(162, '16504197', 'CATANAIMA VASQUEZ CARLOS JAVIER', 62, 18, 5, 'CARGA Y DESCARGA', 'TIENDA', 'RIBAS', 1, '', '', '', '0000-00-00', '2023-05-19'),
	(163, '16640617', 'PALACIOS VICTOR GREGORIO', 62, 15, 1, 'CARGA Y DESCARGA ', 'GMAS', 'CAMAGUAN', 1, '', '', '', '0000-00-00', '2023-05-19'),
	(164, '16873830', 'DELGADO TRAVIESO YADIRA YAMILETH', 60, 34, 2, 'OBRERO', 'SEDE', 'ROSCIO', 1, '', '', '', '0000-00-00', '2023-05-19'),
	(165, '16891536', 'CASTILLO BELIZARIO WILLIAM ALFREDO', 60, 18, 5, 'OBRERO (A)', 'TIENDA', 'RIBAS', 1, '', '', '', '0000-00-00', '2023-05-19'),
	(166, '17042683', 'RIVERO LOMBANO GREGORY RAMON', 62, 10, 2, 'CARGA Y DESCARGA', 'OPERACIONES Y LOGISTICA', 'SEDE', 1, '', '', '', '0000-00-00', '2023-05-19'),
	(167, '17062397', 'GAMES VILLEGAS EDUARDO ANTONIO', 62, 10, 2, 'CARGA Y DESCARGA', 'OPERACIONES Y LOGISTICA', 'SEDE', 1, '', '', '', '0000-00-00', '2023-05-19'),
	(168, '17353464', 'RANGEL ALVAREZ JAIRO RAFAEL', 62, 17, 2, 'CARGA Y DESCARGA', 'CEAC', 'ROSCIO', 1, '', '', '', '0000-00-00', '2023-05-19'),
	(169, '17373396', 'SULBARAN ANTONIO ALEXANDER', 61, 18, 3, 'OBRERO CHOFER (MUN MIRANDA)', 'TIENDA', 'MIRANDA', 1, '', '', '', '0000-00-00', '2023-05-19'),
	(170, '17434517', 'GARCIA JHONNY RAFAEL', 61, 18, 4, 'OBRERO CHOFER (MUN INFANTE)', 'TIENDA', 'INFANTE', 1, '', '', '', '0000-00-00', '2023-05-19'),
	(171, '17739106', 'AULAR LUNA JOSE VICENTE', 58, 18, 5, 'SEGURIDAD', 'TIENDA', 'RIBAS', 1, '', '', '', '0000-00-00', '2023-05-19'),
	(172, '18044828', 'PEREZ CARRUIDO FRANCIS GABRIELA', 63, 33, 2, 'MANTENIMIENTO', 'COCINA', 'SEDE', 1, '', '', '', '0000-00-00', '2023-05-19'),
	(173, '18144098', 'PARACO MUÑOZ YEIRIANA', 64, 18, 5, 'PASILLERO (A)', 'TIENDA', 'RIBAS', 1, '', '', '', '0000-00-00', '2023-05-19'),
	(174, '18616954', 'PEREZ JOHAN JOSE', 62, 17, 2, 'CARGA Y DESCARGA', 'CEAC', 'ROSCIO', 1, '', '', '', '0000-00-00', '2023-05-19'),
	(175, '18803284', 'GUEVARA LUIS CARLOS', 62, 17, 2, 'CARGA Y DESCARGA', 'CEAC', 'ROSCIO', 1, '', '', '', '0000-00-00', '2023-05-19'),
	(176, '18972610', 'COROBO TORRES JESUS RAFAEL', 62, 17, 2, 'CARGA Y DESCARGA', 'CEAC', 'ROSCIO', 1, '', '', '', '0000-00-00', '2023-05-19'),
	(177, '19068015', 'RUIZ ZAMORA YUSMAR JOSE', 64, 18, 5, 'PASILLERO (A)', 'TIENDA', 'RIBAS', 1, '', '', '', '0000-00-00', '2023-05-19'),
	(178, '19161655', 'HERRERA GONZALEZ MAYELY ESTHER', 60, 10, 2, 'OBRERO(A)', 'OPERACIONES Y LOGISTICA', 'SEDE', 1, '', '', '', '0000-00-00', '2023-05-19'),
	(179, '19221418', 'GONZALEZ PEÑA JOSLEYDI KARINA', 59, 32, 2, 'VIGILANTE', 'SEGURIDAD', 'ROSCIO', 1, '', '', '', '0000-00-00', '2023-05-19'),
	(180, '19221785', 'TOVAR WILMER RAFAEL', 62, 17, 2, 'CARGA Y DESCARGA', 'CEAC', 'ROSCIO', 1, '', '', '', '0000-00-00', '2023-05-19'),
	(181, '19222651', 'AGUILAR PINTO ELVIS JOSE', 62, 10, 2, 'CARGA Y DESCARGA', 'OPERACIONES Y LOGISTICA', 'SEDE', 1, '', '', '', '0000-00-00', '2023-05-19'),
	(182, '19724574', 'GONZALEZ RETACO SAMUEL DE JESUS', 62, 10, 2, 'CARGA  Y DESCARGA', 'OPERACIONES Y LOGISTICA', 'SEDE', 1, '', '', '', '0000-00-00', '2023-05-19'),
	(183, '19963755', 'CAMACHO ALFREDO ALEJANDRO', 61, 18, 4, 'OBRERO CHOFER (MUN INFANTE)', 'TIENDA', 'INFANTE', 1, '', '', '', '0000-00-00', '2023-05-19'),
	(184, '20230309', 'RICO SULBARAN YURANCY KARISMEL', 58, 32, 7, 'SEGURIDAD', 'SEGURIDAD', 'GUAYABAL', 1, '', '', '', '0000-00-00', '2023-05-19'),
	(185, '20246407', 'HERNANDEZ PEREZ YORDANO JOSE', 61, 10, 2, 'OBRERO CHOFER', 'OPERACIONES Y LOGISTICA', 'SEDE', 1, '', '', '', '0000-00-00', '2023-05-19'),
	(186, '20246914', 'HERNANDEZ SILVA DANIEL ALEJANDRO', 59, 32, 2, 'VIGILANTE', 'SEGURIDAD', 'SEDE', 1, '', '', '', '0000-00-00', '2023-05-19'),
	(187, '20586007', 'LANDAETA BOLIVAR MARLENE ELIZABETH', 60, 17, 2, 'OBREOR(A)', 'CEAC', 'ROSCIO', 1, '', '', '', '0000-00-00', '2023-05-19'),
	(188, '20876674', 'MACHADO HERRERA EDYNSON JOSE', 62, 10, 2, 'CARGA  Y DESCARGA', 'OPERACIONES Y LOGISTICA', 'SEDE', 1, '', '', '', '0000-00-00', '2023-05-19'),
	(189, '20878400', 'HERNANDEZ PEREZ YORMAN JESUS', 62, 10, 2, 'CARGA Y DESCARGA', 'OPERACIONES Y LOGISTICA', 'SEDE', 1, '', '', '', '0000-00-00', '2023-05-19'),
	(190, '20956860', 'PAEZ PADRINO DANIEL JOSE', 58, 32, 5, 'SEGURIDAD', 'SEGURIDAD', 'RIBAS', 1, '', '', '', '0000-00-00', '2023-05-19'),
	(191, '20958044', 'TOVAR CEDEÑO ALBARO MOISES', 61, 10, 2, 'OBRERO CHOFER', 'OPERACIONES Y LOGISTICA', 'SEDE', 1, '', '', '', '0000-00-00', '2023-05-19'),
	(192, '21336579', 'RODRIGUEZ MUÑOZ ANGEL ENRIQUE', 62, 10, 2, 'CARGA Y DESCARGA', 'OPERACIONES Y LOGISTICA', 'SEDE', 1, '', '', '', '0000-00-00', '2023-05-19'),
	(193, '21337422', 'ORTA GARCIA NINO GABRIEL', 62, 17, 2, 'CARGA Y DESCARGA', 'CEAC', 'ROSCIO', 1, '', '', '', '0000-00-00', '2023-05-19'),
	(194, '22286036', 'HERRERA PEREZ ARGENIS DAVID', 58, 32, 7, 'SEGURIDAD', 'SEGURIDAD', 'GUAYABAL', 1, '', '', '', '0000-00-00', '2023-05-19'),
	(195, '22615044', 'CORONADO CASTILLO JOSE ANGEL ', 62, 10, 2, 'CARGA Y DESCARGA', 'OPERACIONES Y LOGISTICA', 'SEDE', 1, '', '', '', '0000-00-00', '2023-05-19'),
	(196, '22886895', 'OLIVO REQUENA RICHAR DANIEL', 62, 18, 5, 'CARGA Y DESCARGA', 'TIENDA', 'RIBAS', 1, '', '', '', '0000-00-00', '2023-05-19'),
	(197, '23951261', 'BASTIDAS HERNANDEZ YERSUS RAFAEL', 62, 34, 2, 'CARGA Y DESCARGA', 'SEDE', 'ROSCIO', 1, '', '', '', '0000-00-00', '2023-05-19'),
	(198, '24238156', 'BUSTAMANTE ZERPA MOISES ALFREDO', 62, 18, 2, 'CARGA Y DESCARGA (CAMBIO 01/05/2022)', 'TIENDA', 'ROSCIO', 1, '', '', '', '0000-00-00', '2023-05-19'),
	(199, '24238392', 'TOVAR DERWIS DAVID', 62, 10, 2, 'CARGA Y DESCARGA', 'OPERACIONES Y LOGISTICA', 'SEDE', 1, '', '', '', '0000-00-00', '2023-05-19'),
	(200, '24238736', 'PADILLA GONZALEZ LISGLEYDIS ALEJANDRA', 60, 33, 2, 'OBRERO (A)', 'COCINA', 'SEDE', 1, '', '', '', '0000-00-00', '2023-05-19'),
	(201, '24975882', 'MEZA CASTRO ANGEL DAVID', 62, 10, 2, 'CARGA  Y DESCARGA', 'OPERACIONES Y LOGISTICA', 'SEDE', 1, '', '', '', '0000-00-00', '2023-05-19'),
	(202, '24976452', 'RATTIA OCHOA  LUIS ENRIQUE', 62, 10, 2, 'CARGA Y DESCARGA', 'OPERACIONES Y LOGISTICA', 'SEDE', 1, '', '', '', '0000-00-00', '2023-05-19'),
	(203, '25014466', 'GAMARRA FARFAN EDUIN RAFAEL', 58, 18, 5, 'SEGURIDAD', 'TIENDA', 'RIBAS', 1, '', '', '', '0000-00-00', '2023-05-19'),
	(204, '25583338', 'CAMARGO ARTEAGA LUIS JOSE ', 62, 10, 2, 'CARGA Y DESCARGAR', 'OPERACIONES Y LOGISTICA', 'SEDE', 1, '', '', '', '0000-00-00', '2023-05-19'),
	(205, '25611948', 'TOVAR TOVAR RAFAEL ELADIO', 62, 10, 2, 'CARGA Y DESCARGA', 'OPERACIONES Y LOGISTICA', 'SEDE', 1, '', '', '', '0000-00-00', '2023-05-19'),
	(206, '25757806', 'HERNANDEZ LEDEZMA LUIS FERNANDO', 64, 18, 5, 'PASILLERO (A) ', 'TIENDA', 'RIBAS', 1, '', '', '', '0000-00-00', '2023-05-19'),
	(207, '25887919', 'ZAPATA RATIA ANGEL GONZALO', 62, 10, 2, 'CARGA Y DESCARGA', 'OPERACIONES Y LOGISTICA', 'SEDE', 1, '', '', '', '0000-00-00', '2023-05-19'),
	(208, '25931485', 'LOVERA MOLINA KARIMETH ELIANIS', 64, 18, 2, 'PASILLERO', 'TIENDA', 'ROSCIO', 1, '', '', '', '0000-00-00', '2023-05-19'),
	(209, '26179648', 'BOLIVAR ANYEL ALEXANDER', 62, 17, 2, 'CARGA Y DESCARGA', 'CEAC', 'ROSCIO', 1, '', '', '', '0000-00-00', '2023-05-19'),
	(210, '26179651', 'ROJAS BOLIVAR MIGUEL ANGEL', 62, 17, 2, 'CARGA Y DESCARGA', 'CEAC', 'ROSCIO', 1, '', '', '', '0000-00-00', '2023-05-19'),
	(211, '26.495.659', 'ALVARADO CORTEZ ALI RAMON', 62, NULL, NULL, 'CARGA Y DESCARGA', 'SERVICIO GENERALES ', 'SEDE', 1, '', '', '', '0000-00-00', '0000-00-00'),
	(212, '26.848.025', 'PEREZ URBAEZ JOSE MANUEL', 59, NULL, NULL, 'VIGILANTE', 'SEGURIDAD', 'ROSCIO', 1, '', '', '', '0000-00-00', '0000-00-00'),
	(213, '26.848.165', 'HERNANDES PONCE ALEXIS JOSE', 62, NULL, NULL, 'CARGA Y DESCARGA (SIN CUENTA)', 'CEAC', 'ROSCIO', 1, '', '', '', '0000-00-00', '0000-00-00'),
	(214, '26.975.354', 'RODRIGUEZ VILLEGAS SAMUEL ENRIQUE', 58, NULL, NULL, 'SEGURIDAD', 'SEGURIDAD', 'ROSCIO', 1, '', '', '', '0000-00-00', '0000-00-00'),
	(215, '27.156.255', 'UTRERA BOLIVAR LIDIO RAFAEL', 62, NULL, NULL, 'CARGA Y DESCARGA', 'CEAC', 'ROSCIO', 1, '', '', '', '0000-00-00', '0000-00-00'),
	(216, '27.171.712', 'SIFONTES GONZALEZ ANTHONY JOSE ', 64, NULL, NULL, 'PASILLERO (A)', 'TIENDA', 'RIBAS', 1, '', '', '', '0000-00-00', '0000-00-00'),
	(217, '27.612.557', 'MOTA RONDON JACKSON JOSE ', 62, NULL, NULL, 'CARGA Y DESCARGA (MUN GUARIBE)', 'GMAS', 'GUARIBE', 1, '', '', '', '0000-00-00', '0000-00-00'),
	(218, '27.992.798', 'VILLASANA JIMENEZ JOSE GREGORIO', 62, NULL, NULL, 'CARGA Y DESCARGA', 'CEAC', 'ROSCIO', 1, '', '', '', '0000-00-00', '0000-00-00'),
	(219, '28.408.162', 'ROJAS BOLIVAR MARBELLA ELIBETH', 60, NULL, NULL, 'OBRERO(A)', 'OPERACIONES Y LOGISTICA', 'SEDE', 1, '', '', '', '0000-00-00', '0000-00-00'),
	(220, '28.482.981', 'SOJO HERNANDEZ SCARLET NATALIE', 60, NULL, NULL, 'OBRERO(A)', 'CEAC', 'ROSCIO', 1, '', '', '', '0000-00-00', '0000-00-00'),
	(221, '29.671.035', 'GUACARAO FARIAS KENDY ISAAC', 62, NULL, NULL, 'CARGA Y DESCARGA', 'OPERACIONES Y LOGISTICA', 'SEDE', 1, '', '', '', '0000-00-00', '0000-00-00'),
	(222, '29.858.432', 'GRATEROL CONTRERAS RONALD ALEJANDRO', 62, NULL, NULL, 'CARGA Y DESCARGA', 'TIENDA', 'ROSCIO', 1, '', '', '', '0000-00-00', '0000-00-00'),
	(223, '29.858.843', 'ORTA MUÑOZ ANTHONY GABRIEL', 62, NULL, NULL, 'CARGA Y DESCARGA', 'CEAC', 'ROSCIO', 1, '', '', '', '0000-00-00', '0000-00-00'),
	(224, '31.415.403', 'MONTERO VASQUEZ TOMAS GABRIEL', 59, NULL, NULL, 'VIGILANTE', 'SEGURIDAD', 'ROSCIO', 1, '', '', '', '0000-00-00', '0000-00-00'),
	(225, '5.161.574', 'UTRERA CABRERA NELSON JESUS', 58, NULL, NULL, 'SEGURIDAD ', 'SEGURIDAD', 'SEDE', 1, '', '', '', '0000-00-00', '0000-00-00'),
	(226, '5.450.638', 'PARACO MORALES RENE ANTONIO', 58, NULL, NULL, 'SEGURIDAD', 'SEGURIDAD', 'ROSCIO', 1, '', '', '', '0000-00-00', '0000-00-00'),
	(227, '9.599.082', 'HERNANDEZ MUJICA MARCO ANTONIO', 58, NULL, NULL, 'SEGURIDAD ( TIENDA CAMAGUAN)', 'TIENDA', 'CAMAGUAN', 1, '', '', '', '0000-00-00', '0000-00-00'),
	(228, '9.888.966', 'VEGAS HERIBERTO RAFAEL', 60, NULL, NULL, 'OBRERO(A)', 'CEAC', 'ROSCIO', 1, '', '', '', '0000-00-00', '0000-00-00'),
	(229, '10.666.317', 'CORDERO MONTERO DOMINGO RAFAEL', 58, NULL, NULL, 'SEGURIDAD', 'SEGURIDAD', 'ROSCIO', 1, '', '', '', '0000-00-00', '0000-00-00'),
	(230, '10.667.379', 'RODRIGUEZ DE ROJAS ROSA MARIA', 58, NULL, NULL, 'SEGURIDAD ', 'SEGURIDAD', 'SEDE', 1, '', '', '', '0000-00-00', '0000-00-00'),
	(231, '11.121.669', 'GALINDO BLANCO JOSE ALEXANDER', 58, NULL, NULL, 'SEGURIDAD', 'SEDE', 'ROSCIO', 1, '', '', '', '0000-00-00', '0000-00-00'),
	(232, '11.123.969', 'HERNANDEZ LOBO WILLY JOSE', 58, NULL, NULL, 'SEGURIDAD', 'SEGURIDAD', 'SEDE', 1, '', '', '', '0000-00-00', '0000-00-00'),
	(233, '11.846.653', 'TADERMO MARIA LORENZA', 63, NULL, NULL, 'MANTENIMIENTO (RIBAS)', 'TIENDA', 'RIBAS', 1, '', '', '', '0000-00-00', '0000-00-00'),
	(234, '12.842.705', 'HERNANDEZ DANIEL ALEXANDER ', 62, NULL, NULL, 'CARGA Y DESCARGA', 'CEAC', 'ROSCIO', 1, '', '', '', '0000-00-00', '0000-00-00'),
	(235, '12.899.959', 'FAJARDO LUIS ENRIQUE', 58, NULL, NULL, 'SEGURIDAD', 'TIENDA', 'ROSCIO', 1, '', '', '', '0000-00-00', '0000-00-00'),
	(236, '12.903.178', 'RAMIREZ MOLINA JESUS ALBERTO ', 58, NULL, NULL, 'SEGURIDAD ( TIENDA CAMAGUAN)', 'TIENDA', 'CAMAGUAN', 1, '', '', '', '0000-00-00', '0000-00-00'),
	(237, '13.571.225', 'ASCANIO CASTILLO MANUEL YSMAEL', 63, NULL, NULL, 'MANTENIMIENTO', 'TIENDA', 'ROSCIO', 1, '', '', '', '0000-00-00', '0000-00-00'),
	(238, '14.395.081', 'ESTABA MORGADO JOSE ALEJANDRO', 58, NULL, NULL, 'SEGURIDAD', 'SEDE', 'ROSCIO', 1, '', '', '', '0000-00-00', '0000-00-00'),
	(239, '14.521.044', 'GONZALEZ ROMERO CARMEN ABIGAIL', 64, NULL, NULL, 'PASILLERO', 'TIENDA', 'GUAYABAL', 1, '', '', '', '0000-00-00', '0000-00-00'),
	(240, '14.925.711', 'SALAS GUSTAVO EDUARDO', 60, NULL, NULL, 'OBRERO(A)', 'TIENDA', 'MIRANDA', 1, '', '', '', '0000-00-00', '0000-00-00'),
	(241, '15.811.530', 'RUBIO CADENAS PEDRO RAMON', 60, NULL, NULL, 'OBRERO(A)', 'TIENDA', 'MIRANDA', 1, '', '', '', '0000-00-00', '0000-00-00'),
	(242, '16.076.847', 'CORDOVA FERMIN ALEXANDER', 62, NULL, NULL, 'CARGA Y DESCARGA', 'OPERACIONES Y LOGISTICA', 'SEDE', 1, '', '', '', '0000-00-00', '0000-00-00'),
	(243, '17.001.277', 'ZAMORA RENGIFO YARIGMA IRENE', 63, NULL, NULL, 'MANTENIMIENTO', 'TIENDA', 'ROSCIO', 1, '', '', '', '0000-00-00', '0000-00-00'),
	(244, '18.044.997', 'MORENO FIGUEROA ELILUZ CLARET', 64, NULL, NULL, 'PASILLERO', 'TIENDA', 'ROSCIO', 1, '', '', '', '0000-00-00', '0000-00-00'),
	(245, '18.972.624', 'GONZALEZ ARROYO ANTONIO JOSE', 58, NULL, NULL, 'SEGURIDAD', 'SEGURIDAD', 'ROSCIO', 1, '', '', '', '0000-00-00', '0000-00-00'),
	(246, '19.473.879', 'CARRASQUEL SANDY STEVEN', 62, NULL, NULL, 'CARGA Y DESCARGA', 'CEAC', 'ROSCIO', 1, '', '', '', '0000-00-00', '0000-00-00'),
	(247, '19.943.604', 'RIVAS SALAZAR LUIS GUILLERMO', 58, NULL, NULL, 'SEGURIDAD', 'SEDE', 'ROSCIO', 1, '', '', '', '0000-00-00', '0000-00-00'),
	(248, '20.184.733', 'LANDAETA COLMENARES ISAIAS GREGORIO', 58, NULL, NULL, 'SEGURIDAD', 'SEGURIDAD', 'SEDE', 1, '', '', '', '0000-00-00', '0000-00-00'),
	(249, '20.907.503', 'GARCIA SOLORZANO RENYS ANIBAL', 63, NULL, NULL, 'MANTENIMIENTO (TIENDA CAMAGUAN)', 'TIENDA', 'CAMAGUAN', 1, '', '', '', '0000-00-00', '0000-00-00'),
	(250, '21.004.623', 'ROMERO CASTILLO MARIELA DEL CARMEN', 63, NULL, NULL, 'MANTENIMIENTO', 'TIENDA', 'CAMAGUAN', 1, '', '', '', '0000-00-00', '0000-00-00'),
	(251, '25.133.313', 'ARAUJO ARAUJO FREDDY ANTONIO', 63, NULL, NULL, 'MANTENIMIENTO', 'TIENDA', 'GUAYABAL', 1, '', '', '', '0000-00-00', '0000-00-00'),
	(252, '25.133.316', 'ORTA MONSERRATTE JESSICA GABRIELA', 63, NULL, NULL, 'MANTENIMIENTO', 'TIENDA', 'GUAYABAL', 1, '', '', '', '0000-00-00', '0000-00-00'),
	(253, '25.573.672', 'BOLIVAR ORTELANO ELIMAR NAZARETH', 58, NULL, NULL, 'SEGURIDAD', 'SEGURIDAD', 'ROSCIO', 1, '', '', '', '0000-00-00', '0000-00-00'),
	(254, '25.717.537', 'GOMEZ RODRIGUEZ EDHUAR ANTHONIO', 63, NULL, NULL, 'MANTENIMIENTO', 'SERVICIO GENERALES ', 'SEDE', 1, '', '', '', '0000-00-00', '0000-00-00'),
	(255, '25.775.849', 'VELASQUEZ TEJADA OMAR ALEXANDER', 58, NULL, NULL, 'SEGURIDAD', 'SEGURIDAD', 'CAMAGUAN', 1, '', '', '', '0000-00-00', '0000-00-00'),
	(256, '26.179.203', 'MENDEZ DIAS ALEXA DE LA CHIQUINQUIRA', 63, NULL, NULL, 'MANTENIMIENTO', 'TIENDA', 'ROSCIO', 1, '', '', '', '0000-00-00', '0000-00-00'),
	(257, '26.615.945', 'BLANCO GARCIA ROSO RAFAEL', 64, NULL, NULL, 'PASILLERO', 'TIENDA', 'GUAYABAL', 1, '', '', '', '0000-00-00', '0000-00-00'),
	(258, '27.613.880', 'CAVANERIO RICO MOISES ABRAHAM', 58, NULL, NULL, 'SEGURIDAD', 'TIENDA', 'GUAYABAL', 1, '', '', '', '0000-00-00', '0000-00-00'),
	(259, '28.408.387', 'TORREALBA GARCIA GENESIS YOLIANA', 63, NULL, NULL, 'MANTENIMIENTO', 'SERVICIO GENERALES ', 'SEDE', 1, '', '', '', '0000-00-00', '0000-00-00'),
	(260, '28.408.977', 'BEQUEL MUÑOZ FREDERICK YOVHANNY', 62, NULL, NULL, 'CARGA Y DESCARGA', 'OPERACIONES Y LOGISTICA', 'SEDE', 1, '', '', '', '0000-00-00', '0000-00-00'),
	(261, '25.432.859', 'OROPEZA GONZALEZ MOISES NEPTALI', 58, NULL, NULL, 'SEGURIDAD', 'TIENDA', 'GUAYABAL', 1, '', '', '', '0000-00-00', '0000-00-00'),
	(262, '28.482.281', 'SALAZAR QUIROZ LUISSETH DEL CARMEN', 64, NULL, NULL, 'PASILLERO', 'TIENDA', 'ROSCIO', 1, '', '', '', '0000-00-00', '0000-00-00'),
	(263, '28.616.618', 'SIFONTES GONZALEZ MIGUEL EDUARDO', 64, NULL, NULL, 'PASILLLERO (RIBAS))', 'TIENDA', 'RIBAS', 1, '', '', '', '0000-00-00', '0000-00-00'),
	(264, '29.781.339', 'ALVAREZ CABEZA JOSE GUILLERMO', 58, NULL, NULL, 'SEGURIDAD', 'SEDE', 'ROSCIO', 1, '', '', '', '0000-00-00', '0000-00-00'),
	(265, '29.858.025', 'CASTILLO HERRERA WINDER  JOSE', 58, NULL, NULL, 'SEGURIDAD', 'SEDE', 'ROSCIO', 1, '', '', '', '0000-00-00', '0000-00-00'),
	(266, '30.160.596', 'BELLO RIVAS MAYRENE ALEXANDRA', 64, NULL, NULL, 'PASILLERO', 'TIENDA', 'ROSCIO', 1, '', '', '', '0000-00-00', '0000-00-00'),
	(267, '30.276.005', 'VASQUEZ ROJAS CARLOS JAVIER', 63, NULL, NULL, 'MANTENIMIENTO', 'TIENDA', 'ROSCIO', 1, '', '', '', '0000-00-00', '0000-00-00'),
	(268, '30.439.081', 'APARICIO FARFAN MARIANGEL NAZARETH', 64, NULL, NULL, 'PASILLERO (MUN CAMAGUAN)', 'TIENDA', 'CAMAGUAN', 1, '', '', '', '0000-00-00', '0000-00-00'),
	(269, '30.961.469', 'HERNANDEZ PEREZ JOSE RAFAEL ', 58, NULL, NULL, 'SEGURIDAD', 'TIENDA', 'ROSCIO', 1, '', '', '', '0000-00-00', '0000-00-00');

-- Volcando estructura para tabla atencion.nomina_cargos
CREATE TABLE IF NOT EXISTS `nomina_cargos` (
  `id` int unsigned NOT NULL AUTO_INCREMENT,
  `cargo` varchar(200) CHARACTER SET utf8mb4 COLLATE utf8mb4_spanish_ci NOT NULL,
  `band` int NOT NULL DEFAULT '1',
  PRIMARY KEY (`id`)
) ENGINE=InnoDB AUTO_INCREMENT=66 DEFAULT CHARSET=utf8mb4 COLLATE=utf8mb4_spanish_ci;

-- Volcando datos para la tabla atencion.nomina_cargos: ~65 rows (aproximadamente)
INSERT INTO `nomina_cargos` (`id`, `cargo`, `band`) VALUES
	(1, 'PRESIDENTE', 1),
	(2, 'GERENTE DE OPERACIONES Y LOGISTICA', 1),
	(3, 'GERENTE DE ADMINISTRACION Y COMERCIALIZACION', 1),
	(4, 'INSPECTOR DE GESTION', 1),
	(5, 'JEFE DE BIENES', 1),
	(6, 'JEFE DE SERVICIOS GENERALES', 1),
	(7, 'JEFE DE CONTABILIDAD', 1),
	(8, 'SUPERVISOR (A) DE CENTRO DE EMP. (MUN. CAMAGUAN)', 1),
	(9, 'JEFE DE ALMACEN', 1),
	(10, 'DIRECTOR (A) DE PLANIFICACION Y PRESUPUESTO', 1),
	(11, 'SUPERVISOR DE ALMACEN', 1),
	(12, 'DIRECTOR (A) OPERACIONES', 1),
	(13, 'JEFE DE TRANSPORTE', 1),
	(14, 'DIRECTOR (A) DE TALENTO HUMANO', 1),
	(15, 'ANALISTA ADMINISTRATIVO', 1),
	(16, 'JEFE DE NOMINA', 1),
	(17, 'CONSULTORIA JURIDICA', 1),
	(18, 'DIRECTOR PLANIF. DISTRIBUCION Y ESTADISTICA', 1),
	(19, 'DIRECTOR (A) DE TIENDA EN LINEA', 1),
	(20, 'JEFE DE CENTRO DE EMPAQUETADO INFANTE', 1),
	(21, 'JEFE DE FACTURACION', 1),
	(22, 'DIRECTOR (A) DE CONTROL Y SEGUIMIENTO', 1),
	(23, 'JEFE DE CENTRO DE EMPAQUETADO ROSCIO', 1),
	(24, 'DIRECTOR DE COMERCIALIZACION', 1),
	(25, 'SUPERVISORA DE CENTRO DE EMPAQUETADO INFANTE', 1),
	(26, 'SUPERVISOR DE OPERACIONES', 1),
	(27, 'DIRECTOR DE SISTEMA Y TECNOLOGIA', 1),
	(28, 'JEFE DE TIENDA', 1),
	(29, 'JEFE DE CONTROL DE CALIDAD', 1),
	(30, 'JEFE DE ATENCION AL CIUDADANO', 1),
	(31, 'JEFE DE PRENSA Y COMUNICACION', 1),
	(32, 'JEFE DE MERCADEO', 1),
	(33, 'JEFE DE CAJA', 1),
	(34, 'JEFE DE TESORERIA', 1),
	(35, 'ANALISTA DE COBRANZA I', 1),
	(36, 'DIRECTOR DE TIENDA', 1),
	(37, 'SUPERVISOR DE TIENDA', 1),
	(38, 'ANALISTA DE FACTURACION I', 1),
	(39, 'ANALISTA DE LA GERENCIA DE OP. Y LOGISTICA', 1),
	(40, 'ANALISTA DE COBRANZA', 1),
	(41, 'ALMACENISTA I', 1),
	(42, 'ANALISTA DE PERSONAL', 1),
	(43, 'ANALISTA CONTABLE', 1),
	(44, 'CAJERO (A)', 1),
	(45, 'ANALISTA DE CONTROL DE CALIDAD', 1),
	(46, 'ANALISTA DE FACTURACION', 1),
	(47, 'ANALISTA DE MERCADEO', 1),
	(48, 'ASISTENTE DE LA GERENCIA ADMINISTRATIVA Y COMERCIALIZACION', 1),
	(49, 'ASISTENTE CONSULTORIA', 1),
	(50, 'ANALISTA DE SOPORTE TECNICO', 1),
	(51, 'ANALISTA DE TESORERIA', 1),
	(52, 'ANALISTA DE ESTADISTICA', 1),
	(53, 'RECEPCIONISTA ', 1),
	(54, 'ANALISTA DE ALMACEN', 1),
	(55, 'ANALISTA DE BIENES', 1),
	(56, 'COMUNICADOR SOCIAL', 1),
	(57, 'ASISTENTE DE PRESIDENCIA', 1),
	(58, 'SEGURIDAD', 1),
	(59, 'VIGILANTE', 1),
	(60, 'OBRERO (A)', 1),
	(61, 'OBRERO CHOFER', 1),
	(62, 'CARGA Y DESCARGA', 1),
	(63, 'MANTENIMIENTO', 1),
	(64, 'PASILLERO (A)', 1),
	(65, 'www', 0);

-- Volcando estructura para tabla atencion.nomina_ubicaciones
CREATE TABLE IF NOT EXISTS `nomina_ubicaciones` (
  `id` int unsigned NOT NULL AUTO_INCREMENT,
  `tipo` varchar(50) COLLATE utf8mb4_spanish_ci NOT NULL,
  `nombre` varchar(200) CHARACTER SET utf8mb4 COLLATE utf8mb4_spanish_ci NOT NULL,
  `band` int NOT NULL DEFAULT '1',
  PRIMARY KEY (`id`)
) ENGINE=InnoDB AUTO_INCREMENT=35 DEFAULT CHARSET=utf8mb4 COLLATE=utf8mb4_spanish_ci;

-- Volcando datos para la tabla atencion.nomina_ubicaciones: ~34 rows (aproximadamente)
INSERT INTO `nomina_ubicaciones` (`id`, `tipo`, `nombre`, `band`) VALUES
	(1, 'geografica', 'CAMAGUAN', 1),
	(2, 'geografica', 'ROSCIO', 1),
	(3, 'geografica', 'MIRANDA', 1),
	(4, 'geografica', 'INFANTE', 1),
	(5, 'geografica', 'RIBAS', 1),
	(6, 'geografica', 'EL SOCORRO', 1),
	(7, 'geografica', 'GUAYABAL', 1),
	(8, 'geografica', 'GUARIBE', 1),
	(9, 'administrativa', 'PRESIDENCIA', 1),
	(10, 'administrativa', 'OPERACIONES Y LOGISTICA', 1),
	(11, 'administrativa', 'ADMINISTRACION Y COMERCIALIZACION', 1),
	(12, 'administrativa', 'SERVICIOS GENERALES', 1),
	(13, 'administrativa', 'BIENES', 1),
	(14, 'administrativa', 'CONTABILIDAD', 1),
	(15, 'administrativa', 'GMAS', 1),
	(16, 'administrativa', 'PRESUPUESTO Y PLANIFICACION', 1),
	(17, 'administrativa', 'CEAC', 1),
	(18, 'administrativa', 'TIENDA', 1),
	(19, 'administrativa', 'RRHH', 1),
	(20, 'administrativa', 'COMPRAS', 1),
	(21, 'administrativa', 'CONSULTORIA JURIDICA', 1),
	(22, 'administrativa', 'PLANIFICACION DISTRIBUCION Y ESTADISTICA', 1),
	(23, 'administrativa', 'FACTURACION', 1),
	(24, 'administrativa', 'CONTROL Y SEGUIMIENTO', 1),
	(25, 'administrativa', 'TECNOLOGIA Y SISTEMAS', 1),
	(26, 'administrativa', 'ATENCION AL CIUDADANO', 1),
	(27, 'administrativa', 'CAMPO SOBERANO', 1),
	(28, 'administrativa', 'RELACIONES PUBLICAS', 1),
	(29, 'administrativa', 'TESORERIA', 1),
	(30, 'administrativa', 'COBRANZA', 1),
	(31, 'administrativa', 'COMERCIALIZACION', 1),
	(32, 'administrativa', 'SEGURIDAD', 1),
	(33, 'administrativa', 'COCINA', 1),
	(34, 'administrativa', 'SEDE', 1);

-- Volcando estructura para tabla atencion.oficios
CREATE TABLE IF NOT EXISTS `oficios` (
  `id` int NOT NULL AUTO_INCREMENT,
  `instituciones_id` int NOT NULL,
  `personas_id` int NOT NULL,
  `fecha` date NOT NULL,
  `requerimientos` varchar(100) CHARACTER SET utf8mb4 COLLATE utf8mb4_spanish_ci NOT NULL,
  `status` varchar(100) CHARACTER SET utf8mb4 COLLATE utf8mb4_spanish_ci DEFAULT NULL,
  `band` int NOT NULL DEFAULT '1',
  PRIMARY KEY (`id`)
) ENGINE=InnoDB DEFAULT CHARSET=utf8mb4 COLLATE=utf8mb4_spanish_ci;

-- Volcando datos para la tabla atencion.oficios: ~0 rows (aproximadamente)

-- Volcando estructura para tabla atencion.personas
CREATE TABLE IF NOT EXISTS `personas` (
  `id` int NOT NULL AUTO_INCREMENT,
  `cedula` varchar(100) CHARACTER SET utf8mb4 COLLATE utf8mb4_spanish_ci NOT NULL,
  `nombre` varchar(100) CHARACTER SET utf8mb4 COLLATE utf8mb4_spanish_ci NOT NULL,
  `telefono` varchar(100) CHARACTER SET utf8mb4 COLLATE utf8mb4_spanish_ci DEFAULT NULL,
  `direccion` varchar(100) CHARACTER SET utf8mb4 COLLATE utf8mb4_spanish_ci NOT NULL,
  `band` int NOT NULL DEFAULT '1',
  `created_at` date DEFAULT NULL,
  `updated_at` date DEFAULT NULL,
  PRIMARY KEY (`id`)
) ENGINE=InnoDB DEFAULT CHARSET=utf8mb4 COLLATE=utf8mb4_spanish_ci;

-- Volcando datos para la tabla atencion.personas: ~4 rows (aproximadamente)

-- Volcando estructura para tabla atencion.productos
CREATE TABLE IF NOT EXISTS `productos` (
  `id` int NOT NULL AUTO_INCREMENT,
  `casos_id` int NOT NULL,
  `producto` varchar(100) CHARACTER SET utf8mb4 COLLATE utf8mb4_spanish_ci NOT NULL,
  `cantidad` varchar(100) CHARACTER SET utf8mb4 COLLATE utf8mb4_spanish_ci NOT NULL,
  `band` int NOT NULL DEFAULT '1',
  PRIMARY KEY (`id`)
) ENGINE=InnoDB DEFAULT CHARSET=utf8mb4 COLLATE=utf8mb4_spanish_ci;

-- Volcando datos para la tabla atencion.productos: ~0 rows (aproximadamente)

-- Volcando estructura para tabla atencion.rutas
CREATE TABLE IF NOT EXISTS `rutas` (
  `id` int unsigned NOT NULL AUTO_INCREMENT,
  `origen` int unsigned NOT NULL,
  `destino` int unsigned NOT NULL,
  `ruta` text COLLATE utf8mb4_spanish_ci,
  `band` int DEFAULT '1',
  `created_at` date DEFAULT NULL,
  `updated_at` date DEFAULT NULL,
  PRIMARY KEY (`id`)
) ENGINE=InnoDB DEFAULT CHARSET=utf8mb4 COLLATE=utf8mb4_spanish_ci;

-- Volcando datos para la tabla atencion.rutas: ~0 rows (aproximadamente)

-- Volcando estructura para tabla atencion.rutas_territorio
CREATE TABLE IF NOT EXISTS `rutas_territorio` (
  `id` int NOT NULL AUTO_INCREMENT,
  `municipio` varchar(50) CHARACTER SET utf8mb4 COLLATE utf8mb4_spanish_ci NOT NULL,
  `parroquia` varchar(50) COLLATE utf8mb4_spanish_ci NOT NULL,
  PRIMARY KEY (`id`)
) ENGINE=InnoDB DEFAULT CHARSET=utf8mb4 COLLATE=utf8mb4_spanish_ci;

-- Volcando datos para la tabla atencion.rutas_territorio: ~0 rows (aproximadamente)

-- Volcando estructura para tabla atencion.users
CREATE TABLE IF NOT EXISTS `users` (
  `id` int NOT NULL AUTO_INCREMENT,
  `email` varchar(50) CHARACTER SET utf8mb3 COLLATE utf8mb3_spanish_ci NOT NULL,
  `password` text CHARACTER SET utf8mb3 COLLATE utf8mb3_spanish_ci NOT NULL,
  `name` varchar(50) CHARACTER SET utf8mb3 COLLATE utf8mb3_spanish_ci NOT NULL,
  `role` int NOT NULL DEFAULT '1',
  `band` int NOT NULL DEFAULT '1',
  `created_at` date DEFAULT NULL,
  `updated_at` date DEFAULT NULL,
  PRIMARY KEY (`id`)
) ENGINE=InnoDB AUTO_INCREMENT=7 DEFAULT CHARSET=utf8mb3 COLLATE=utf8mb3_spanish_ci;

-- Volcando datos para la tabla atencion.users: ~6 rows (aproximadamente)
INSERT INTO `users` (`id`, `email`, `password`, `name`, `role`, `band`, `created_at`, `updated_at`) VALUES
	(1, 'leothan522@gmail.com', '$2y$10$Vuukyxuv6haC.nQhAWK3oeGLwAq8POECeyx0eQOAO3JpVuw97pFHm', 'Yonathan Castillo', 100, 1, '2023-01-22', '2023-01-22'),
	(2, 'gabrielmalu15@gmail.com', '$2y$10$tNST6nHuXNdeT/v3j/WCPeJvaBPGBgdRgNUCHk2QFJ7vJ79hv6PPi', ' Antonny Maluenga', 100, 1, '2023-01-22', '2023-04-14'),
	(3, 'milexitorrealba536@gmail.com', '$2y$10$kOKftSQUdcGWHFwjou.t1OjHBx1l10SjME65dbKnQlyE.p.2xhDBK', 'Milexi Torrealba', 2, 1, '2023-03-31', '2023-03-31'),
	(4, 'karleidysalazar@gmail.com', '$2y$10$9Qse5RDa4LaTNQub/COk3eI2LX7pgxzfRvFtQMWLbQyrTprnmSek2', 'Karleidy Salazar', 2, 1, '2023-03-31', '2023-03-31'),
	(5, 'transporte@alguarisa.com', '$2y$10$9rZRbJMgs1AZJecm63pSCOIUw1QGbZmPW/llS7SLW8VdRGQqfKPba', 'Transporte', 3, 1, '2023-05-03', '2023-05-15'),
	(6, 'rrhh@alguarisa.com', '$2y$10$DYXH5kf1x5Q.IBmumtBoE.oOKEsgWkOMfleP.tjyM/AadVW7J/nnS', 'RRHH', 2, 1, '2023-05-03', NULL);

-- Volcando estructura para tabla atencion.vehiculos
CREATE TABLE IF NOT EXISTS `vehiculos` (
  `id` int NOT NULL AUTO_INCREMENT,
  `empresas_id` int NOT NULL,
  `tipo` varchar(50) COLLATE utf8mb4_spanish_ci NOT NULL,
  `marca` varchar(50) COLLATE utf8mb4_spanish_ci NOT NULL,
  `placa_batea` varchar(50) CHARACTER SET utf8mb4 COLLATE utf8mb4_spanish_ci NOT NULL,
  `placa_chuto` varchar(50) COLLATE utf8mb4_spanish_ci DEFAULT NULL,
  `color` varchar(50) COLLATE utf8mb4_spanish_ci NOT NULL,
  `capacidad` varchar(50) CHARACTER SET utf8mb4 COLLATE utf8mb4_spanish_ci NOT NULL,
  `band` int NOT NULL DEFAULT '1',
  `created_at` date DEFAULT NULL,
  `updated_at` date DEFAULT NULL,
  PRIMARY KEY (`id`)
) ENGINE=InnoDB DEFAULT CHARSET=utf8mb4 COLLATE=utf8mb4_spanish_ci;

-- Volcando datos para la tabla atencion.vehiculos: ~0 rows (aproximadamente)

-- Volcando estructura para tabla atencion.vehiculos_tipo
CREATE TABLE IF NOT EXISTS `vehiculos_tipo` (
  `id` int unsigned NOT NULL AUTO_INCREMENT,
  `nombre` varchar(50) COLLATE utf8mb4_spanish_ci NOT NULL,
  PRIMARY KEY (`id`)
) ENGINE=InnoDB AUTO_INCREMENT=4 DEFAULT CHARSET=utf8mb4 COLLATE=utf8mb4_spanish_ci;

-- Volcando datos para la tabla atencion.vehiculos_tipo: ~3 rows (aproximadamente)
INSERT INTO `vehiculos_tipo` (`id`, `nombre`) VALUES
	(1, 'GANDOLA PLATAFORMA'),
	(2, 'CAMIÓN PLATAFORMA'),
	(3, 'CAMIÓN CAVA');

/*!40103 SET TIME_ZONE=IFNULL(@OLD_TIME_ZONE, 'system') */;
/*!40101 SET SQL_MODE=IFNULL(@OLD_SQL_MODE, '') */;
/*!40014 SET FOREIGN_KEY_CHECKS=IFNULL(@OLD_FOREIGN_KEY_CHECKS, 1) */;
/*!40101 SET CHARACTER_SET_CLIENT=@OLD_CHARACTER_SET_CLIENT */;
/*!40111 SET SQL_NOTES=IFNULL(@OLD_SQL_NOTES, 1) */;
